<?xml version="1.0" encoding="UTF-8"?>
<manual library="APP" package="Main" namespace="\">
  <class name="GetChatMessagesRequest" abstract="">
    <info>
      <version>0.1</version>
      <build>1</build>
      <datecreated>1443548636</datecreated>
      <daterevised>1443548636</daterevised>
      <extends/>
      <implements/>
      <throws/>
      <title/>
      <description/>
      <deprecated>A polling mechanism is used in place of simple GET requests. See the PollMessagesRequest class.</deprecated>
    </info>
    <constants/>
    <properties>
      <scope type="public"/>
      <scope type="protected"/>
      <scope type="private">
        <prop type="" name="chatId">
          <description/>
        </prop>
      </scope>
    </properties>
    <methods>
      <scope type="public">
        <method name="fromEngine" returntype="void" static="true">
          <description/>
          <parameters/>
          <returndescription/>
          <throws/>
          <deprecated/>
        </method>
        <method name="__construct" returntype="void">
          <description/>
          <parameters>
            <parameter name="$chatId" type="" defaultvalue="">
              <description/>
            </parameter>
          </parameters>
          <returndescription/>
          <throws/>
          <deprecated/>
        </method>
        <method name="getChatId" returntype="void">
          <description/>
          <parameters/>
          <returndescription/>
          <throws/>
          <deprecated/>
        </method>
      </scope>
      <scope type="protected"/>
      <scope type="private"/>
    </methods>
  </class>
</manual>
