<?xml version="1.0" encoding="UTF-8"?>
<dependencies><use path="\Exception"></use><use path="\APP\Main\Cache"></use><use path="\DateTime"></use><use path="\DateTimeZone"></use><use path="\InvalidArgumentException"></use><use path="\Exception"></use><use path="\API\Platform\importer"></use><use path="\AEL\Platform\application"></use><use path="\APP\Main\Chat"></use><use path="\APP\Main\ChatMessage"></use><use path="\APP\Main\ChatParticipant"></use><use path="\API\Profile\account"></use><use path="\APP\Main\PendingMessage"></use><use path="\AEL\Literals\appLiteral"></use><use path="\API\Platform\engine"></use><use path="\APP\Comm\DatabaseConnectionBuilder"></use><use path="\APP\Main\ChatParticipantTeam"></use><use path="\APP\Main\NewChatRequest"></use><use path="\APP\Main\NewChatMessageRequest"></use><use path="\APP\Persist\IdGeneratorInterface"></use></dependencies>
