<?xml version="1.0" encoding="UTF-8"?>
<manual library="APP" package="Main" namespace="\">
  <class name="DeleteChatResponse" abstract="">
    <info>
      <version>0.1</version>
      <build>1</build>
      <datecreated>1443548470</datecreated>
      <daterevised>1443548470</daterevised>
      <extends/>
      <implements/>
      <throws/>
      <title>Represents the response generated after a DeleteChatRequest has been processed.</title>
      <description/>
      <deprecated/>
    </info>
    <constants/>
    <properties>
      <scope type="public"/>
      <scope type="protected"/>
      <scope type="private">
        <prop type="string" name="chatId">
          <description/>
        </prop>
      </scope>
    </properties>
    <methods>
      <scope type="public">
        <method name="__construct" returntype="void">
          <description/>
          <parameters>
            <parameter name="$chatId" type="string" defaultvalue="">
              <description>The ID of the Chat to be deleted.</description>
            </parameter>
          </parameters>
          <returndescription/>
          <throws/>
          <deprecated/>
        </method>
        <method name="getChatId" returntype="string">
          <description/>
          <parameters/>
          <returndescription>The ID of the Chat to be deleted.</returndescription>
          <throws/>
          <deprecated/>
        </method>
        <method name="toArray" returntype="array">
          <description/>
          <parameters/>
          <returndescription>The array representation of this response. The array  format is as follows:

  array(
    DeleteChatFormBuilder::FIELD_NAME_CHAT_ID =&amp;amp;gt; &amp;amp;lt;chat ID&amp;amp;gt;
  )</returndescription>
          <throws/>
          <deprecated/>
        </method>
      </scope>
      <scope type="protected"/>
      <scope type="private"/>
    </methods>
  </class>
</manual>
