<?xml version="1.0" encoding="UTF-8"?>
<manual library="APP" package="Main" namespace="\">
  <class name="GetMessagesFormBuilder" abstract="">
    <info>
      <version>1.0</version>
      <build>1</build>
      <datecreated>1441654955</datecreated>
      <daterevised>1443548784</daterevised>
      <extends/>
      <implements/>
      <throws/>
      <title/>
      <description/>
      <deprecated>A polling mechanism is used in place of simple GET requests. See the PollMessagesFormBuilder class.</deprecated>
    </info>
    <constants>
      <const type="" name="FIELD_NAME_CHAT_ID">
        <description/>
      </const>
    </constants>
    <properties>
      <scope type="public"/>
      <scope type="protected"/>
      <scope type="private">
        <prop type="Form" name="form">
          <description/>
        </prop>
      </scope>
    </properties>
    <methods>
      <scope type="public">
        <method name="__construct" returntype="void">
          <description/>
          <parameters>
            <parameter name="$form" type="Form" defaultvalue="">
              <description/>
            </parameter>
          </parameters>
          <returndescription/>
          <throws/>
          <deprecated/>
        </method>
        <method name="buildChat" returntype="void">
          <description/>
          <parameters/>
          <returndescription/>
          <throws/>
          <deprecated/>
        </method>
        <method name="buildForm" returntype="void">
          <description/>
          <parameters/>
          <returndescription/>
          <throws/>
          <deprecated/>
        </method>
        <method name="get" returntype="void">
          <description/>
          <parameters/>
          <returndescription/>
          <throws/>
          <deprecated/>
        </method>
      </scope>
      <scope type="protected"/>
      <scope type="private"/>
    </methods>
  </class>
</manual>
