<?xml version="1.0" encoding="UTF-8"?>
<manual library="APP" package="Main" namespace="\">
  <class name="ChatParticipantTeam" abstract="">
    <info>
      <version>1.0</version>
      <build>2</build>
      <datecreated>1440839065</datecreated>
      <daterevised>1443547441</daterevised>
      <extends/>
      <implements/>
      <throws/>
      <title>Represents a team a ChatParticipant is member of.</title>
      <description>See the "Setter Methods Naming Convention" note in the Chat class description.</description>
      <deprecated/>
    </info>
    <constants/>
    <properties>
      <scope type="public"/>
      <scope type="protected"/>
      <scope type="private">
        <prop type="integer" name="id">
          <description>The team's ID.</description>
        </prop>
      </scope>
    </properties>
    <methods>
      <scope type="public">
        <method name="newWithId" returntype="ChatParticipantTeam" static="true">
          <description>Creates a new ChatParticipantTeam were only its ID is set.</description>
          <parameters>
            <parameter name="$id" type="integer" defaultvalue="">
              <description/>
            </parameter>
          </parameters>
          <returndescription/>
          <throws/>
          <deprecated/>
        </method>
        <method name="getId" returntype="integer">
          <description/>
          <parameters/>
          <returndescription>This team's ID.</returndescription>
          <throws/>
          <deprecated/>
        </method>
        <method name="withId" returntype="ChatParticipantTeam">
          <description/>
          <parameters>
            <parameter name="$id" type="integer" defaultvalue="">
              <description/>
            </parameter>
          </parameters>
          <returndescription/>
          <throws/>
          <deprecated/>
        </method>
      </scope>
      <scope type="protected"/>
      <scope type="private"/>
    </methods>
  </class>
</manual>
