<?xml version="1.0" encoding="UTF-8"?>
<manual library="APP" package="Main" namespace="\">
  <class name="NewChatMessageResponse" abstract="">
    <info>
      <version>0.1</version>
      <build>2</build>
      <datecreated>1443550093</datecreated>
      <daterevised>1443550289</daterevised>
      <extends/>
      <implements/>
      <throws/>
      <title>Represents the response generated after a NewChatMessageResponse has been processed.</title>
      <description/>
      <deprecated/>
    </info>
    <constants/>
    <properties>
      <scope type="public"/>
      <scope type="protected"/>
      <scope type="private">
        <prop type="string" name="chatId">
          <description/>
        </prop>
        <prop type="boolean" name="firstMessage">
          <description/>
        </prop>
      </scope>
    </properties>
    <methods>
      <scope type="public">
        <method name="__construct" returntype="void">
          <description/>
          <parameters/>
          <returndescription/>
          <throws/>
          <deprecated/>
        </method>
        <method name="buildChatId" returntype="NewChatMessageResponse">
          <description/>
          <parameters>
            <parameter name="$chatId" type="string" defaultvalue="">
              <description>The ID of the Chat the new message created belongs to.</description>
            </parameter>
          </parameters>
          <returndescription>$this</returndescription>
          <throws/>
          <deprecated/>
        </method>
        <method name="buildFirstMessage" returntype="NewChatMessageResponse">
          <description/>
          <parameters>
            <parameter name="$value" type="boolean" defaultvalue="">
              <description>A value of "true" indicates that this message is the first of its Chat.</description>
            </parameter>
          </parameters>
          <returndescription>$this</returndescription>
          <throws/>
          <deprecated/>
        </method>
        <method name="getChatId" returntype="string">
          <description/>
          <parameters/>
          <returndescription/>
          <throws/>
          <deprecated/>
        </method>
        <method name="isFirstMessage" returntype="boolean">
          <description/>
          <parameters/>
          <returndescription>A value of "true" indicates that this message is the first of its Chat.</returndescription>
          <throws/>
          <deprecated/>
        </method>
        <method name="toArray" returntype="array">
          <description/>
          <parameters/>
          <returndescription>The array representation of this response. The array  format is as follows:

  array(
    'chat_id' =&amp;amp;gt; &amp;amp;lt;chat ID&amp;amp;gt;,
    'first_message' =&amp;gt; &amp;lt;first message&amp;gt;
  )</returndescription>
          <throws/>
          <deprecated/>
        </method>
      </scope>
      <scope type="protected"/>
      <scope type="private"/>
    </methods>
  </class>
</manual>
