<?xml version="1.0" encoding="UTF-8"?>
<manual library="APP" package="Main" namespace="\">
  <class name="CloseChatResponse" abstract="">
    <info>
      <version>0.1</version>
      <build>1</build>
      <datecreated>1443547924</datecreated>
      <daterevised>1443547924</daterevised>
      <extends/>
      <implements/>
      <throws/>
      <title>Represents the response generated after a CloseChatRequest has been processed.</title>
      <description/>
      <deprecated/>
    </info>
    <constants/>
    <properties>
      <scope type="public"/>
      <scope type="protected"/>
      <scope type="private">
        <prop type="string" name="chatId">
          <description/>
        </prop>
        <prop type="boolean" name="completeClose">
          <description/>
        </prop>
      </scope>
    </properties>
    <methods>
      <scope type="public">
        <method name="__construct" returntype="void">
          <description/>
          <parameters>
            <parameter name="$completeClose" type="boolean" defaultvalue="">
              <description>A value of "true" indicates that the message input box should be removed along with the chat from the front-end.</description>
            </parameter>
            <parameter name="$chatId" type="string" defaultvalue="">
              <description>The ID of the Chat that was requested to be closed.</description>
            </parameter>
          </parameters>
          <returndescription/>
          <throws/>
          <deprecated/>
        </method>
        <method name="getChatId" returntype="string">
          <description/>
          <parameters/>
          <returndescription>The ID of the Chat that was requested to be closed.</returndescription>
          <throws/>
          <deprecated/>
        </method>
        <method name="isCompleteClose" returntype="boolean">
          <description/>
          <parameters/>
          <returndescription>See the constructor for the definition of a "completely closed" chat.</returndescription>
          <throws/>
          <deprecated/>
        </method>
        <method name="toArray" returntype="array">
          <description/>
          <parameters/>
          <returndescription>The array representation of this response. The array  format is as follows:

  array(
    CloseChatRequest::FIELD_NAME_CHAT_ID =&amp;gt; &amp;lt;chat ID&amp;gt;,
    CloseChatRequest::KEY_COMPLETE_CLOSE =&amp;gt; &amp;lt;complete close&amp;gt;
  )</returndescription>
          <throws/>
          <deprecated/>
        </method>
      </scope>
      <scope type="protected"/>
      <scope type="private"/>
    </methods>
  </class>
</manual>
