<?xml version="1.0" encoding="UTF-8"?>
<manual library="APP" package="Main" namespace="\">
  <class name="GetChatMessagesResponse" abstract="">
    <info>
      <version>0.1</version>
      <build>1</build>
      <datecreated>1443548639</datecreated>
      <daterevised>1443548639</daterevised>
      <extends/>
      <implements/>
      <throws/>
      <title/>
      <description/>
      <deprecated>A polling mechanism is used in place of simple GET requests. See the PollMessagesResponse class.</deprecated>
    </info>
    <constants/>
    <properties>
      <scope type="public"/>
      <scope type="protected"/>
      <scope type="private"/>
    </properties>
    <methods>
      <scope type="public">
        <method name="__construct" returntype="void">
          <description/>
          <parameters/>
          <returndescription/>
          <throws/>
          <deprecated/>
        </method>
      </scope>
      <scope type="protected"/>
      <scope type="private"/>
    </methods>
  </class>
</manual>
