<?xml version="1.0" encoding="UTF-8"?>
<manual library="APP" package="Main" namespace="\">
  <class name="NewChatMessageRequest" abstract="">
    <info>
      <version>1.0</version>
      <build>2</build>
      <datecreated>1441114958</datecreated>
      <daterevised>1443550196</daterevised>
      <extends/>
      <implements/>
      <throws/>
      <title>Represents a request for creating a new ChatMessage.</title>
      <description/>
      <deprecated/>
    </info>
    <constants/>
    <properties>
      <scope type="public"/>
      <scope type="protected"/>
      <scope type="private">
        <prop type="integer" name="authorId">
          <description/>
        </prop>
        <prop type="string" name="chatId">
          <description/>
        </prop>
        <prop type="string" name="content">
          <description/>
        </prop>
        <prop type="string" name="firstMessage">
          <description/>
        </prop>
      </scope>
    </properties>
    <methods>
      <scope type="public">
        <method name="fromEngine" returntype="NewChatmessageRequest" static="true">
          <description>Creates a new NewChatMessageRequest with data retrieved from the "engine".</description>
          <parameters/>
          <returndescription/>
          <throws/>
          <deprecated/>
        </method>
        <method name="__construct" returntype="void">
          <description/>
          <parameters>
            <parameter name="$chatId" type="string" defaultvalue="">
              <description>The ID of the Chat the new message belongs to.</description>
            </parameter>
            <parameter name="$authorId" type="integer" defaultvalue="">
              <description>The author's ID.</description>
            </parameter>
            <parameter name="$content" type="string" defaultvalue="">
              <description>The contents of the message.</description>
            </parameter>
            <parameter name="$firstMessage" type="boolean" defaultvalue="">
              <description>Whether this is the first message of the Chat or not.</description>
            </parameter>
          </parameters>
          <returndescription/>
          <throws/>
          <deprecated/>
        </method>
        <method name="getAuthorId" returntype="integer">
          <description/>
          <parameters/>
          <returndescription/>
          <throws/>
          <deprecated/>
        </method>
        <method name="getChatId" returntype="string">
          <description/>
          <parameters/>
          <returndescription/>
          <throws/>
          <deprecated/>
        </method>
        <method name="getContent" returntype="string">
          <description/>
          <parameters/>
          <returndescription/>
          <throws/>
          <deprecated/>
        </method>
        <method name="isFirstMessage" returntype="boolean">
          <description/>
          <parameters/>
          <returndescription>A value of "true" indicates that this message is the first of its Chat.</returndescription>
          <throws/>
          <deprecated/>
        </method>
      </scope>
      <scope type="protected"/>
      <scope type="private"/>
    </methods>
  </class>
</manual>
