<?xml version="1.0" encoding="UTF-8"?>
<manual library="APP" package="Util" namespace="\">
  <class name="Cache" abstract="">
    <info>
      <version>1.0</version>
      <build>1</build>
      <datecreated>1441882882</datecreated>
      <daterevised>1441883007</daterevised>
      <extends/>
      <implements/>
      <throws/>
      <title/>
      <description/>
      <deprecated/>
    </info>
    <constants/>
    <properties>
      <scope type="public"/>
      <scope type="protected"/>
      <scope type="private">
        <prop type="array" name="entries">
          <description/>
        </prop>
      </scope>
    </properties>
    <methods>
      <scope type="public">
        <method name="__construct" returntype="void">
          <description/>
          <parameters/>
          <returndescription/>
          <throws/>
          <deprecated/>
        </method>
        <method name="add" returntype="void">
          <description/>
          <parameters>
            <parameter name="$key" type="string" defaultvalue="">
              <description/>
            </parameter>
            <parameter name="$value" type="mixed" defaultvalue="">
              <description/>
            </parameter>
          </parameters>
          <returndescription/>
          <throws/>
          <deprecated/>
        </method>
        <method name="addIfNotPresent" returntype="void">
          <description/>
          <parameters>
            <parameter name="$key" type="string" defaultvalue="">
              <description/>
            </parameter>
            <parameter name="$value" type="mixed" defaultvalue="">
              <description/>
            </parameter>
          </parameters>
          <returndescription/>
          <throws/>
          <deprecated/>
        </method>
        <method name="get" returntype="mixed">
          <description/>
          <parameters>
            <parameter name="$key" type="string" defaultvalue="">
              <description/>
            </parameter>
          </parameters>
          <returndescription>The value corresponding to $key or "null" if no such value exists.</returndescription>
          <throws/>
          <deprecated/>
        </method>
        <method name="isPresent" returntype="boolean">
          <description/>
          <parameters>
            <parameter name="$key" type="" defaultvalue="">
              <description/>
            </parameter>
          </parameters>
          <returndescription/>
          <throws/>
          <deprecated/>
        </method>
        <method name="remove" returntype="void">
          <description/>
          <parameters>
            <parameter name="$key" type="string" defaultvalue="">
              <description/>
            </parameter>
          </parameters>
          <returndescription/>
          <throws/>
          <deprecated/>
        </method>
      </scope>
      <scope type="protected"/>
      <scope type="private"/>
    </methods>
  </class>
</manual>
