<?xml version="1.0" encoding="UTF-8"?>
<manual library="APP" package="Main" namespace="\">
  <class name="NewChatResponse" abstract="">
    <info>
      <version>0.1</version>
      <build>1</build>
      <datecreated>1443550825</datecreated>
      <daterevised>1443550825</daterevised>
      <extends/>
      <implements/>
      <throws/>
      <title>Represents the response generated after a NewChatRequest has been processed.</title>
      <description/>
      <deprecated/>
    </info>
    <constants/>
    <properties>
      <scope type="public"/>
      <scope type="protected"/>
      <scope type="private">
        <prop type="Chat" name="chat">
          <description/>
        </prop>
        <prop type="ChatMessageFormBuilder" name="chatMessageFormBuilder">
          <description/>
        </prop>
      </scope>
    </properties>
    <methods>
      <scope type="public">
        <method name="__construct" returntype="void">
          <description/>
          <parameters>
            <parameter name="$chat" type="Chat" defaultvalue="">
              <description>The new Chat.</description>
            </parameter>
            <parameter name="$cmfb" type="ChatMessageFormBuilder" defaultvalue="">
              <description/>
            </parameter>
          </parameters>
          <returndescription/>
          <throws/>
          <deprecated/>
        </method>
        <method name="isSuccess" returntype="boolean">
          <description/>
          <parameters/>
          <returndescription>A value of "true" indicates that the new Chat has been created successfully.</returndescription>
          <throws/>
          <deprecated/>
        </method>
        <method name="toArray" returntype="array">
          <description/>
          <parameters/>
          <returndescription>The array representation of this response. The array  format is as follows:

  array(
    'success' =&amp;amp;gt; boolean,
    'message' =&amp;gt; &amp;lt;the return value of the "buildMessage" method&amp;gt;:string,
    'chatId' =&amp;gt; string,
    'ownerId' =&amp;gt; integer,
    'recipientsIds' =&amp;gt; integer[],
    'teamId' =&amp;gt; integer
  )</returndescription>
          <throws/>
          <deprecated/>
        </method>
      </scope>
      <scope type="protected"/>
      <scope type="private">
        <method name="buildMessage" returntype="string">
          <description/>
          <parameters>
            <parameter name="$success" type="boolean" defaultvalue="">
              <description>A value of "true" indicates that the Chat has been created successfully.</description>
            </parameter>
          </parameters>
          <returndescription>A failure message if "success" is false. Otherwise, an empty string.</returndescription>
          <throws/>
          <deprecated/>
        </method>
      </scope>
    </methods>
  </class>
</manual>
