<?xml version="1.0" encoding="UTF-8"?>
<map><library name="APP"><package name="Main"><object name="ChatManager" title="ChatManager"/><object name="Chat" title="Chat"/><object name="ChatMessage" title="ChatMessage"/><object name="ChatParticipant" title="ChatParticipant"/><object name="ChatParticipantTeam" title="ChatParticipantTeam"/><object name="NewChatRequest" title="NewChatRequest"/><object name="NewChatResponse" title="NewChatResponse"/><object name="ChatMessageFormBuilder" title="ChatMessageFormBuilder"/><object name="NewChatMessageRequest" title="NewChatMessageRequest"/><namespace name="Persist"/><object name="UserChatListFormBuilder" title="UserChatListFormBuilder"/><object name="GetMessagesFormBuilder" title="GetMessagesFormBuilder"/><object name="GetChatMessagesResponse" title="GetChatMessagesResponse"/><object name="GetChatMessagesRequest" title="GetChatMessagesRequest"/><object name="GetChatMessagesResponseBuilder" title="GetChatMessagesResponseBuilder"/><object name="PendingMessage" title="PendingMessage"/><object name="PollMessagesFormBuilder" title="PollMessagesFormBuilder"/><object name="PollMessagesRequest" title="PollMessagesRequest"/><object name="PollMessagesResponse" title="PollMessagesResponse"/><object name="Cache" title="Cache"/><object name="OpenChatResponse" title="OpenChatResponse"/><object name="NewChatMessageResponse" title="NewChatMessageResponse"/><object name="NewChatFormBuilder" title="NewChatFormBuilder"/><object name="DeleteChatFormBuilder" title="DeleteChatFormBuilder"/><object name="DeleteChatRequest" title="DeleteChatRequest"/><object name="CloseChatRequest" title="CloseChatRequest"/><object name="CloseChatResponse" title="CloseChatResponse"/><object name="DeleteChatResponse" title="DeleteChatResponse"/></package><package name="Comm"><object name="dbConnection" title="dbConnection"/><object name="DatabaseConnectionBuilder" title="DatabaseConnectionBuilder"/></package><package name="Persist"><object name="IdGeneratorInterface" title="IdGeneratorInterface"/><object name="IdGenerator" title="IdGenerator"></object></package><package name="Util"><object name="Cache" title="Cache"/></package></library></map>
