<?xml version="1.0" encoding="UTF-8"?>
<manual library="APP" package="Main" namespace="\">
  <class name="NewChatFormBuilder" abstract="">
    <info>
      <version>0.1</version>
      <build>2</build>
      <datecreated>1443549596</datecreated>
      <daterevised>1443549689</daterevised>
      <extends/>
      <implements/>
      <throws/>
      <title>Creates the form that allows the creation of new Chats.</title>
      <description/>
      <deprecated/>
    </info>
    <constants/>
    <properties>
      <scope type="public"/>
      <scope type="protected"/>
      <scope type="private">
        <prop type="Form" name="form">
          <description/>
        </prop>
        <prop type="integer" name="ownerId">
          <description/>
        </prop>
      </scope>
    </properties>
    <methods>
      <scope type="public">
        <method name="__construct" returntype="void">
          <description/>
          <parameters>
            <parameter name="$form" type="Form" defaultvalue="">
              <description/>
            </parameter>
          </parameters>
          <returndescription/>
          <throws/>
          <deprecated/>
        </method>
        <method name="buildForm" returntype="NewChatFormBuilder">
          <description>Engages the form to the "chat/New" view.</description>
          <parameters/>
          <returndescription>$this</returndescription>
          <throws/>
          <deprecated/>
        </method>
        <method name="buildChatOwner" returntype="NewChatFormBuilder">
          <description>Adds a hidden field that indicates the ID of the new Chat's owner.</description>
          <parameters>
            <parameter name="$ownerId" type="integer" defaultvalue="">
              <description/>
            </parameter>
          </parameters>
          <returndescription>$this</returndescription>
          <throws/>
          <deprecated/>
        </method>
        <method name="buildContactList" returntype="NewChatFormBuilder">
          <description/>
          <parameters>
            <parameter name="$contacts" type="array" defaultvalue="">
              <description>The contacts available to the user for starting a new Chat.

Since this array is expected to be created via the team::getTeamMembers method, it will probably contain the currently logged-in user, too. That is why this user is filtered out of the provided array. This filtering process effectively does not allow a user to start a Chat with herself.</description>
            </parameter>
          </parameters>
          <returndescription>$this</returndescription>
          <throws/>
          <deprecated/>
        </method>
        <method name="buildFirstMessage" returntype="NewChatFormBuilder">
          <description>Adds a text input field where the user can type the first message of the Chat.

This field is required.</description>
          <parameters/>
          <returndescription>$this</returndescription>
          <throws/>
          <deprecated/>
        </method>
        <method name="buildSkipCreation" returntype="NewChatFormBuilder">
          <description>Adds a hidden field whose value indicates whether the Chat's creation should be skipped.</description>
          <parameters>
            <parameter name="$skip" type="boolean" defaultvalue="">
              <description/>
            </parameter>
          </parameters>
          <returndescription>$this</returndescription>
          <throws/>
          <deprecated>The Chat is always created.</deprecated>
        </method>
        <method name="buildTeamField" returntype="NewChatFormBuilder">
          <description>Adds a hidden field that indicates the new Chat team's ID.</description>
          <parameters>
            <parameter name="$teamId" type="integer" defaultvalue="">
              <description/>
            </parameter>
          </parameters>
          <returndescription>$this</returndescription>
          <throws/>
          <deprecated/>
        </method>
        <method name="get" returntype="Form">
          <description/>
          <parameters/>
          <returndescription/>
          <throws/>
          <deprecated/>
        </method>
        <method name="function" returntype="void">
          <description/>
          <parameters>
            <parameter name="$contact" type="" defaultvalue="">
              <description/>
            </parameter>
            <parameter name="$currentUserId" type="" defaultvalue="">
              <description/>
            </parameter>
          </parameters>
          <returndescription/>
          <throws/>
          <deprecated/>
        </method>
      </scope>
      <scope type="protected"/>
      <scope type="private">
        <method name="filterCurrentUserFromContactList" returntype="array">
          <description>Removes the currently logged-in user from the contacts list that is made available to that user.

In other words, the currently logged-in user is not allowed to start a Chat with herself.</description>
          <parameters>
            <parameter name="$currentUserId" type="integer" defaultvalue="">
              <description/>
            </parameter>
            <parameter name="$contacts" type="array" defaultvalue="">
              <description>See the team::getTeamMembers method for details on this array's format.

This method is only interested in the "accountID" key.</description>
            </parameter>
          </parameters>
          <returndescription>The contacts list without the currently logged-in user.</returndescription>
          <throws/>
          <deprecated/>
        </method>
      </scope>
    </methods>
  </class>
</manual>
